INSERT INTO Trader (trader_id, name, state, initial_account_balance) VALUES
(1, 'Alice Johnson', 'CA', 100000),
(2, 'Bob Smith', 'NY', 150000),
(3, 'Charlie Brown', 'TX', 200000),
(4, 'David Green', 'FL', 120000),
(5, 'Eva White', 'IL', 180000),
(6, 'Frank Black', 'NV', 110000),
(7, 'Grace Blue', 'MA', 90000),
(8, 'Henry Grey', 'WA', 140000),
(9, 'Ivy Gold', 'CO', 160000),
(10, 'Jack Orange', 'NC', 105000),
(11, 'Kate Pink', 'OR', 170000),
(12, 'Leo Red', 'AZ', 190000),
(13, 'Mia Yellow', 'PA', 130000),
(14, 'Nina Purple', 'VA', 100000),
(15, 'Owen Silver', 'MI', 95000),
(16, 'Paul Bronze', 'OH', 80000),
(17, 'Quinn Indigo', 'GA', 115000),
(18, 'Rachel Cyan', 'LA', 120000),
(19, 'Sam Crimson', 'MO', 135000),
(20, 'Tom Teal', 'KY', 125000);

INSERT INTO Stocks (stock_symbol, exchange_name, stock_name, sector, market_share_percentage, face_value) VALUES
('AAPL', 'NASDAQ', 'Apple Inc.', 'Technology', 10, 150),
('MSFT', 'NASDAQ', 'Microsoft Corp.', 'Technology', 9, 300),
('GOOG', 'NASDAQ', 'Alphabet Inc.', 'Technology', 8, 2800),
('AMZN', 'NASDAQ', 'Amazon.com Inc.', 'Consumer', 7, 3400),
('TSLA', 'NASDAQ', 'Tesla Inc.', 'Automotive', 6, 700),
('FB', 'NASDAQ', 'Meta Platforms', 'Technology', 5, 350),
('NFLX', 'NASDAQ', 'Netflix Inc.', 'Entertainment', 3, 650),
('NVDA', 'NASDAQ', 'Nvidia Corp.', 'Technology', 4, 240),
('BABA', 'NYSE', 'Alibaba Group', 'E-commerce', 3, 160),
('ORCL', 'NYSE', 'Oracle Corp.', 'Technology', 5, 90),
('V', 'NYSE', 'Visa Inc.', 'Finance', 6, 230),
('MA', 'NYSE', 'Mastercard Inc.', 'Finance', 5, 320),
('DIS', 'NYSE', 'Walt Disney Co.', 'Entertainment', 4, 180),
('PYPL', 'NASDAQ', 'PayPal Holdings', 'Finance', 4, 290),
('ADBE', 'NASDAQ', 'Adobe Inc.', 'Technology', 5, 520),
('INTC', 'NASDAQ', 'Intel Corp.', 'Technology', 5, 50),
('CSCO', 'NASDAQ', 'Cisco Systems', 'Technology', 4, 70),
('PEP', 'NASDAQ', 'PepsiCo Inc.', 'Consumer', 6, 160),
('KO', 'NYSE', 'Coca-Cola Co.', 'Consumer', 6, 60),
('NKE', 'NYSE', 'Nike Inc.', 'Apparel', 7, 160),
('XOM', 'NYSE', 'Exxon Mobil', 'Energy', 8, 65),
('CVX', 'NYSE', 'Chevron Corp.', 'Energy', 7, 100),
('PFE', 'NYSE', 'Pfizer Inc.', 'Pharmaceutical', 6, 45),
('MRNA', 'NASDAQ', 'Moderna Inc.', 'Pharmaceutical', 5, 150),
('JNJ', 'NYSE', 'Johnson & Johnson', 'Pharmaceutical', 8, 160),
('WMT', 'NYSE', 'Walmart Inc.', 'Retail', 9, 140),
('HD', 'NYSE', 'Home Depot', 'Retail', 7, 300),
('BAC', 'NYSE', 'Bank of America', 'Finance', 6, 40),
('JPM', 'NYSE', 'JPMorgan Chase', 'Finance', 7, 160),
('GS', 'NYSE', 'Goldman Sachs', 'Finance', 4, 300),
('C', 'NYSE', 'Citigroup Inc.', 'Finance', 6, 70),
('ABBV', 'NYSE', 'AbbVie Inc.', 'Pharmaceutical', 5, 130),
('LLY', 'NYSE', 'Eli Lilly', 'Pharmaceutical', 6, 170),
('UNH', 'NYSE', 'UnitedHealth Group', 'Healthcare', 7, 390),
('PG', 'NYSE', 'Procter & Gamble', 'Consumer', 8, 140),
('T', 'NYSE', 'AT&T Inc.', 'Telecom', 5, 25),
('VZ', 'NYSE', 'Verizon', 'Telecom', 6, 40),
('BA', 'NYSE', 'Boeing Co.', 'Aerospace', 7, 200),
('RTX', 'NYSE', 'Raytheon Tech.', 'Aerospace', 5, 90),
('MMM', 'NYSE', '3M Co.', 'Industrials', 4, 150),
('CAT', 'NYSE', 'Caterpillar Inc.', 'Industrials', 6, 180),
('GE', 'NYSE', 'General Electric', 'Industrials', 4, 100),
('F', 'NYSE', 'Ford Motor', 'Automotive', 6, 15),
('GM', 'NYSE', 'General Motors', 'Automotive', 7, 30),
('UPS', 'NYSE', 'UPS', 'Logistics', 8, 190),
('FDX', 'NYSE', 'FedEx', 'Logistics', 7, 250),
('LMT', 'NYSE', 'Lockheed Martin', 'Aerospace', 6, 400),
('SPY', 'NYSE', 'S&P 500 ETF', 'Finance', 10, 450);

INSERT INTO Watchlist (watchlist_id, watchlist_name, trader_id) VALUES
(1, 'Alice Watchlist', 1),
(2, 'Bob Watchlist', 2),
(3, 'Charlie watchlist', 3),
(4, 'David Watchlist', 4),
(5, 'Eva Watchlist', 5),
(6, 'Frank Watchlist', 6),
(7, 'Grace watchlist', 7),
(8, 'Henry watchlist', 8),
(9, 'Ivy Watchlist', 9),
(10, 'Jack Watchlist', 10);

INSERT INTO Includes (watchlist_id, stock_symbol) VALUES
(1, 'AAPL'), (1, 'MSFT'), (1, 'GOOG'), (1, 'FB'),
(2, 'PFE'), (2, 'MRNA'), (2, 'JNJ'), (2, 'LLY'),
(3, 'XOM'), (3, 'CVX'), (3, 'SPY'),
(4, 'JPM'), (4, 'GS'), (4, 'BAC'), (4, 'C'),
(5, 'WMT'), (5, 'HD'),
(6, 'PG'), (6, 'PEP'), (6, 'KO'),
(7, 'TSLA'), (7, 'F'), (7, 'GM'),
(8, 'BA'), (8, 'LMT'), (8, 'RTX'),
(9, 'T'), (9, 'VZ'),
(10, 'NFLX'), (10, 'DIS');

INSERT INTO Transactions (transaction_id, stock_symbol, timestamp, quantity, type_of_trade, price, trader_id) VALUES
(1, 'AAPL', '2024-10-01 10:15:00', 100, 'BUY', 150, 1),
(2, 'MSFT', '2024-10-02 11:30:00', 50, 'SELL', 300, 1),
(3, 'GOOG', '2024-10-03 09:45:00', 20, 'BUY', 2800, 2),
(4, 'AMZN', '2024-10-04 12:00:00', 10, 'SELL', 3400, 2),
(5, 'TSLA', '2024-10-05 13:20:00', 5, 'BUY', 700, 3),
(6, 'FB', '2024-10-06 14:15:00', 25, 'SELL', 350, 3),
(7, 'NFLX', '2024-10-07 15:30:00', 30, 'BUY', 650, 4),
(8, 'NVDA', '2024-10-08 16:45:00', 15, 'SELL', 240, 4),
(9, 'BABA', '2024-10-09 10:00:00', 50, 'BUY', 160, 5),
(10, 'ORCL', '2024-10-10 11:15:00', 100, 'SELL', 90, 5),
(11, 'V', '2024-10-11 12:30:00', 60, 'BUY', 230, 6),
(12, 'MA', '2024-10-12 13:45:00', 40, 'SELL', 320, 6),
(13, 'DIS', '2024-10-13 14:00:00', 70, 'BUY', 180, 7),
(14, 'PYPL', '2024-10-14 15:15:00', 80, 'SELL', 290, 7),
(15, 'ADBE', '2024-10-15 16:30:00', 90, 'BUY', 520, 8),
(16, 'INTC', '2024-10-16 10:45:00', 10, 'SELL', 50, 8),
(17, 'CSCO', '2024-10-17 11:00:00', 20, 'BUY', 70, 9),
(18, 'PEP', '2024-10-18 12:15:00', 30, 'SELL', 160, 9),
(19, 'KO', '2024-10-19 13:30:00', 40, 'BUY', 60, 10),
(20, 'NKE', '2024-10-20 14:45:00', 50, 'SELL', 160, 10),
(21, 'XOM', '2024-10-21 15:00:00', 60, 'BUY', 65, 11),
(22, 'CVX', '2024-10-22 16:15:00', 70, 'SELL', 100, 11),
(23, 'PFE', '2024-10-23 10:00:00', 80, 'BUY', 45, 12),
(24, 'MRNA', '2024-10-24 11:15:00', 90, 'SELL', 150, 12),
(25, 'JNJ', '2024-10-25 12:30:00', 10, 'BUY', 160, 13),
(26, 'WMT', '2024-10-26 13:45:00', 20, 'SELL', 140, 13),
(27, 'HD', '2024-10-27 14:00:00', 30, 'BUY', 300, 14),
(28, 'BAC', '2024-10-28 15:15:00', 40, 'SELL', 40, 14),
(29, 'JPM', '2024-10-29 16:30:00', 50, 'BUY', 160, 15),
(30, 'GS', '2024-10-30 10:45:00', 60, 'SELL', 300, 15),
(31, 'C', '2024-10-31 11:00:00', 70, 'BUY', 70, 16),
(32, 'ABBV', '2024-11-01 12:15:00', 80, 'SELL', 130, 16),
(33, 'LLY', '2024-11-02 13:30:00', 90, 'BUY', 170, 17),
(34, 'UNH', '2024-11-03 14:45:00', 100, 'SELL', 390, 17),
(35, 'PG', '2024-11-04 15:00:00', 110, 'BUY', 140, 18),
(36, 'T', '2024-11-05 16:15:00', 120, 'SELL', 25, 18),
(37, 'VZ', '2024-11-06 10:00:00', 130, 'BUY', 40, 19),
(38, 'BA', '2024-11-07 11:15:00', 140, 'SELL', 200, 19),
(39, 'RTX', '2024-11-08 12:30:00', 150, 'BUY', 90, 20),
(40, 'MMM', '2024-11-09 13:45:00', 160, 'SELL', 150, 20),
(41, 'CAT', '2024-11-10 14:00:00', 170, 'BUY', 180, 11),
(42, 'GE', '2024-11-11 15:15:00', 180, 'SELL', 100, 12),
(43, 'F', '2024-11-12 16:30:00', 190, 'BUY', 15, 13),
(44, 'GM', '2024-11-13 10:45:00', 200, 'SELL', 30, 14),
(45, 'UPS', '2024-11-14 11:00:00', 210, 'BUY', 190, 15),
(46, 'FDX', '2024-11-15 12:15:00', 220, 'SELL', 250, 16),
(47, 'LMT', '2024-11-16 13:30:00', 230, 'BUY', 400, 17),
(48, 'SPY', '2024-11-17 14:45:00', 240, 'SELL', 450, 18),
(49, 'TSLA', '2024-11-18 15:00:00', 250, 'BUY', 700, 19),
(50, 'NVDA', '2024-11-19 16:15:00', 260, 'SELL', 240, 20);

INSERT INTO Portfolios (portfolio_id, transaction_id) VALUES
(1, 1), (1, 2), (2, 3), (2, 4), (3, 5),
(3, 6), (4, 7), (4, 8), (5, 9), (5, 10),
(6, 11), (6, 12), (7, 13), (7, 14), (8, 15),
(8,16), (9,17), (9,18), (10,19), (10,20);
